{   
   "name": "5e_SRD_Drugs",   
   "title": "5e_SRD_Drugs",   
   "description": "Sharing drugs across your shadowrun games",   
   "author": "Fat Boy Kyle",
   "version": "1.0.0",
   "url": "https://github.com/FatBoyKyle/5e_SRD_Drugs",
   "minimumCoreVersion": "10",
   "compatibleCoreVersion":"10",
   "packs": [
    {
      "name": "items",
      "label": "5e_SRD_Drugs",
      "path": "packs/drugs.db",
      "entity": "Item",
	  "system": "shadowrun5e",
      "module": "5e_SRD_Drugs"
    }
  ]
 }